<PAMDataset>
  <Metadata>
    <MDI key="DataType">Generic</MDI>
  </Metadata>
  <Metadata domain="Esri">
    <MDI key="PyramidResamplingType">NEAREST</MDI>
  </Metadata>
  <PAMRasterBand band="1">
    <Histograms>
      <HistItem>
        <HistMin>-0,5</HistMin>
        <HistMax>95,5</HistMax>
        <BucketCount>96</BucketCount>
        <IncludeOutOfRange>1</IncludeOutOfRange>
        <Approximate>0</Approximate>
        <HistCounts>1589872|0|0|0|0|0|0|0|0|0|0|0|0|0|0|0|0|0|0|0|0|0|0|0|0|0|0|0|0|0|1412511|0|0|0|0|0|0|0|0|1305034|0|0|0|0|0|0|0|0|0|0|0|0|0|0|0|0|0|0|0|0|0|0|1754417|5974693|0|1996834|0|0|0|0|2779743|19314|0|98832|2617603|0|0|296670|3411477|0|153062|275357|0|2046537|0|0|0|396489|0|2152996|0|105531|0|0|1152899|272600</HistCounts>
      </HistItem>
    </Histograms>
    <GDALRasterAttributeTable>
      <FieldDefn index="0">
        <Name>OID</Name>
        <Type>0</Type>
        <Usage>0</Usage>
      </FieldDefn>
      <FieldDefn index="1">
        <Name>Value</Name>
        <Type>0</Type>
        <Usage>0</Usage>
      </FieldDefn>
      <FieldDefn index="2">
        <Name>Count</Name>
        <Type>1</Type>
        <Usage>0</Usage>
      </FieldDefn>
      <Row index="0">
        <F>0</F>
        <F>0</F>
        <F>1897</F>
      </Row>
      <Row index="1">
        <F>1</F>
        <F>30</F>
        <F>1687</F>
      </Row>
      <Row index="2">
        <F>2</F>
        <F>39</F>
        <F>1558</F>
      </Row>
      <Row index="3">
        <F>3</F>
        <F>62</F>
        <F>2094</F>
      </Row>
      <Row index="4">
        <F>4</F>
        <F>63</F>
        <F>7133</F>
      </Row>
      <Row index="5">
        <F>5</F>
        <F>65</F>
        <F>2384</F>
      </Row>
      <Row index="6">
        <F>6</F>
        <F>70</F>
        <F>3315</F>
      </Row>
      <Row index="7">
        <F>7</F>
        <F>71</F>
        <F>23</F>
      </Row>
      <Row index="8">
        <F>8</F>
        <F>73</F>
        <F>118</F>
      </Row>
      <Row index="9">
        <F>9</F>
        <F>74</F>
        <F>3121</F>
      </Row>
      <Row index="10">
        <F>10</F>
        <F>77</F>
        <F>354</F>
      </Row>
      <Row index="11">
        <F>11</F>
        <F>78</F>
        <F>4069</F>
      </Row>
      <Row index="12">
        <F>12</F>
        <F>80</F>
        <F>183</F>
      </Row>
      <Row index="13">
        <F>13</F>
        <F>81</F>
        <F>329</F>
      </Row>
      <Row index="14">
        <F>14</F>
        <F>83</F>
        <F>2442</F>
      </Row>
      <Row index="15">
        <F>15</F>
        <F>87</F>
        <F>473</F>
      </Row>
      <Row index="16">
        <F>16</F>
        <F>89</F>
        <F>2569</F>
      </Row>
      <Row index="17">
        <F>17</F>
        <F>91</F>
        <F>126</F>
      </Row>
      <Row index="18">
        <F>18</F>
        <F>94</F>
        <F>1376</F>
      </Row>
      <Row index="19">
        <F>19</F>
        <F>95</F>
        <F>325</F>
      </Row>
    </GDALRasterAttributeTable>
    <Metadata>
      <MDI key="STATISTICS_COVARIANCES">460.6139180733507</MDI>
      <MDI key="STATISTICS_EXCLUDEDVALUES"></MDI>
      <MDI key="STATISTICS_MAXIMUM">95</MDI>
      <MDI key="STATISTICS_MEAN">66,027747213574</MDI>
      <MDI key="STATISTICS_MINIMUM">0</MDI>
      <MDI key="STATISTICS_SKIPFACTORX">1</MDI>
      <MDI key="STATISTICS_SKIPFACTORY">1</MDI>
      <MDI key="STATISTICS_STDDEV">21,461917856365</MDI>
    </Metadata>
  </PAMRasterBand>
</PAMDataset>
